name,email,password,password_confirmation,role
Student 1,student1@example.com,password1,password1,student
Student 2,student2@example.com,password2,password2,student
Student 3,student3@example.com,password3,password3,student
Student 4,student4@example.com,password4,password4,student
Student 5,student5@example.com,password5,password5,student
Student 6,student6@example.com,password6,password6,student
Student 7,student7@example.com,password7,password7,student
Student 8,student8@example.com,password8,password8,student
Student 9,student9@example.com,password9,password9,student
Student 10,student10@example.com,password10,password10,student
Student 11,student11@example.com,password11,password11,student
Student 12,student12@example.com,password12,password12,student
Student 13,student13@example.com,password13,password13,student
Student 14,student14@example.com,password14,password14,student
Student 15,student15@example.com,password15,password15,student
Student 16,student16@example.com,password16,password16,student
Student 17,student17@example.com,password17,password17,student
Student 18,student18@example.com,password18,password18,student
Student 19,student19@example.com,password19,password19,student
Student 20,student20@example.com,password20,password20,student
Student 21,student21@example.com,password21,password21,student
Student 22,student22@example.com,password22,password22,student
Student 23,student23@example.com,password23,password23,student
Student 24,student24@example.com,password24,password24,student
Student 25,student25@example.com,password25,password25,student
Student 26,student26@example.com,password26,password26,student
Student 27,student27@example.com,password27,password27,student
Student 28,student28@example.com,password28,password28,student
Student 29,student29@example.com,password29,password29,student
Student 30,student30@example.com,password30,password30,student
Student 31,student31@example.com,password31,password31,student
Student 32,student32@example.com,password32,password32,student
Student 33,student33@example.com,password33,password33,student
Student 34,student34@example.com,password34,password34,student
Student 35,student35@example.com,password35,password35,student
Student 36,student36@example.com,password36,password36,student
Student 37,student37@example.com,password37,password37,student
Student 38,student38@example.com,password38,password38,student
Student 39,student39@example.com,password39,password39,student
Student 40,student40@example.com,password40,password40,student
Student 41,student41@example.com,password41,password41,student
Student 42,student42@example.com,password42,password42,student
Student 43,student43@example.com,password43,password43,student
Student 44,student44@example.com,password44,password44,student
Student 45,student45@example.com,password45,password45,student
Student 46,student46@example.com,password46,password46,student
Student 47,student47@example.com,password47,password47,student
Student 48,student48@example.com,password48,password48,student
Student 49,student49@example.com,password49,password49,student
Student 50,student50@example.com,password50,password50,student
Student 51,student51@example.com,password51,password51,student
Student 52,student52@example.com,password52,password52,student
Student 53,student53@example.com,password53,password53,student
Student 54,student54@example.com,password54,password54,student
Student 55,student55@example.com,password55,password55,student
Student 56,student56@example.com,password56,password56,student
Student 57,student57@example.com,password57,password57,student
Student 58,student58@example.com,password58,password58,student
Student 59,student59@example.com,password59,password59,student
Student 60,student60@example.com,password60,password60,student
Student 61,student61@example.com,password61,password61,student
Student 62,student62@example.com,password62,password62,student
Student 63,student63@example.com,password63,password63,student
Student 64,student64@example.com,password64,password64,student
Student 65,student65@example.com,password65,password65,student
Student 66,student66@example.com,password66,password66,student
Student 67,student67@example.com,password67,password67,student
Student 68,student68@example.com,password68,password68,student
Student 69,student69@example.com,password69,password69,student
Student 70,student70@example.com,password70,password70,student
Student 71,student71@example.com,password71,password71,student
Student 72,student72@example.com,password72,password72,student
Student 73,student73@example.com,password73,password73,student
Student 74,student74@example.com,password74,password74,student
Student 75,student75@example.com,password75,password75,student
Student 76,student76@example.com,password76,password76,student
Student 77,student77@example.com,password77,password77,student
Student 78,student78@example.com,password78,password78,student
Student 79,student79@example.com,password79,password79,student
Student 80,student80@example.com,password80,password80,student
Student 81,student81@example.com,password81,password81,student
Student 82,student82@example.com,password82,password82,student
Student 83,student83@example.com,password83,password83,student
Student 84,student84@example.com,password84,password84,student
Student 85,student85@example.com,password85,password85,student
Student 86,student86@example.com,password86,password86,student
Student 87,student87@example.com,password87,password87,student
Student 88,student88@example.com,password88,password88,student
Student 89,student89@example.com,password89,password89,student
Student 90,student90@example.com,password90,password90,student
Student 91,student91@example.com,password91,password91,student
Student 92,student92@example.com,password92,password92,student
Student 93,student93@example.com,password93,password93,student
Student 94,student94@example.com,password94,password94,student
Student 95,student95@example.com,password95,password95,student
Student 96,student96@example.com,password96,password96,student
Student 97,student97@example.com,password97,password97,student
Student 98,student98@example.com,password98,password98,student
Student 99,student99@example.com,password99,password99,student
Student 100,student100@example.com,password100,password100,student
Student 101,student101@example.com,password101,password101,student
Student 102,student102@example.com,password102,password102,student
Student 103,student103@example.com,password103,password103,student
Student 104,student104@example.com,password104,password104,student
Student 105,student105@example.com,password105,password105,student
Student 106,student106@example.com,password106,password106,student
Student 107,student107@example.com,password107,password107,student
Student 108,student108@example.com,password108,password108,student
Student 109,student109@example.com,password109,password109,student
Student 110,student110@example.com,password110,password110,student
Student 111,student111@example.com,password111,password111,student
Student 112,student112@example.com,password112,password112,student
Student 113,student113@example.com,password113,password113,student
Student 114,student114@example.com,password114,password114,student
Student 115,student115@example.com,password115,password115,student
Student 116,student116@example.com,password116,password116,student
Student 117,student117@example.com,password117,password117,student
Student 118,student118@example.com,password118,password118,student
Student 119,student119@example.com,password119,password119,student
Student 120,student120@example.com,password120,password120,student
Student 121,student121@example.com,password121,password121,student
Student 122,student122@example.com,password122,password122,student
Student 123,student123@example.com,password123,password123,student
Student 124,student124@example.com,password124,password124,student
Student 125,student125@example.com,password125,password125,student
Student 126,student126@example.com,password126,password126,student
Student 127,student127@example.com,password127,password127,student
Student 128,student128@example.com,password128,password128,student
Student 129,student129@example.com,password129,password129,student
Student 130,student130@example.com,password130,password130,student
Student 131,student131@example.com,password131,password131,student
Student 132,student132@example.com,password132,password132,student
Student 133,student133@example.com,password133,password133,student
Student 134,student134@example.com,password134,password134,student
Student 135,student135@example.com,password135,password135,student
Student 136,student136@example.com,password136,password136,student
Student 137,student137@example.com,password137,password137,student
Student 138,student138@example.com,password138,password138,student
Student 139,student139@example.com,password139,password139,student
Student 140,student140@example.com,password140,password140,student
Student 141,student141@example.com,password141,password141,student
Student 142,student142@example.com,password142,password142,student
Student 143,student143@example.com,password143,password143,student
Student 144,student144@example.com,password144,password144,student
Student 145,student145@example.com,password145,password145,student
Student 146,student146@example.com,password146,password146,student
Student 147,student147@example.com,password147,password147,student
Student 148,student148@example.com,password148,password148,student
Student 149,student149@example.com,password149,password149,student
Student 150,student150@example.com,password150,password150,student
Student 151,student151@example.com,password151,password151,student
Student 152,student152@example.com,password152,password152,student
Student 153,student153@example.com,password153,password153,student
Student 154,student154@example.com,password154,password154,student
Student 155,student155@example.com,password155,password155,student
Student 156,student156@example.com,password156,password156,student
Student 157,student157@example.com,password157,password157,student
Student 158,student158@example.com,password158,password158,student
Student 159,student159@example.com,password159,password159,student
Student 160,student160@example.com,password160,password160,student
Student 161,student161@example.com,password161,password161,student
Student 162,student162@example.com,password162,password162,student
Student 163,student163@example.com,password163,password163,student
Student 164,student164@example.com,password164,password164,student
Student 165,student165@example.com,password165,password165,student
Student 166,student166@example.com,password166,password166,student
Student 167,student167@example.com,password167,password167,student
Student 168,student168@example.com,password168,password168,student
Student 169,student169@example.com,password169,password169,student
Student 170,student170@example.com,password170,password170,student
Student 171,student171@example.com,password171,password171,student
Student 172,student172@example.com,password172,password172,student
Student 173,student173@example.com,password173,password173,student
Student 174,student174@example.com,password174,password174,student
Student 175,student175@example.com,password175,password175,student
Student 176,student176@example.com,password176,password176,student
Student 177,student177@example.com,password177,password177,student
Student 178,student178@example.com,password178,password178,student
Student 179,student179@example.com,password179,password179,student
Student 180,student180@example.com,password180,password180,student
Student 181,student181@example.com,password181,password181,student
Student 182,student182@example.com,password182,password182,student
Student 183,student183@example.com,password183,password183,student
Student 184,student184@example.com,password184,password184,student
Student 185,student185@example.com,password185,password185,student
Student 186,student186@example.com,password186,password186,student
Student 187,student187@example.com,password187,password187,student
Student 188,student188@example.com,password188,password188,student
Student 189,student189@example.com,password189,password189,student
Student 190,student190@example.com,password190,password190,student
Student 191,student191@example.com,password191,password191,student
Student 192,student192@example.com,password192,password192,student
Student 193,student193@example.com,password193,password193,student
Student 194,student194@example.com,password194,password194,student
Student 195,student195@example.com,password195,password195,student
Student 196,student196@example.com,password196,password196,student
Student 197,student197@example.com,password197,password197,student
Student 198,student198@example.com,password198,password198,student
Student 199,student199@example.com,password199,password199,student
Student 200,student200@example.com,password200,password200,student
Student 201,student201@example.com,password201,password201,student
Student 202,student202@example.com,password202,password202,student
Student 203,student203@example.com,password203,password203,student
Student 204,student204@example.com,password204,password204,student
Student 205,student205@example.com,password205,password205,student
Student 206,student206@example.com,password206,password206,student
Student 207,student207@example.com,password207,password207,student
Student 208,student208@example.com,password208,password208,student
Student 209,student209@example.com,password209,password209,student
Student 210,student210@example.com,password210,password210,student
Student 211,student211@example.com,password211,password211,student
Student 212,student212@example.com,password212,password212,student
Student 213,student213@example.com,password213,password213,student
Student 214,student214@example.com,password214,password214,student
Student 215,student215@example.com,password215,password215,student
Student 216,student216@example.com,password216,password216,student
Student 217,student217@example.com,password217,password217,student
Student 218,student218@example.com,password218,password218,student
Student 219,student219@example.com,password219,password219,student
Student 220,student220@example.com,password220,password220,student
Student 221,student221@example.com,password221,password221,student
Student 222,student222@example.com,password222,password222,student
Student 223,student223@example.com,password223,password223,student
Student 224,student224@example.com,password224,password224,student
Student 225,student225@example.com,password225,password225,student
Student 226,student226@example.com,password226,password226,student
Student 227,student227@example.com,password227,password227,student
Student 228,student228@example.com,password228,password228,student
Student 229,student229@example.com,password229,password229,student
Student 230,student230@example.com,password230,password230,student
Student 231,student231@example.com,password231,password231,student
Student 232,student232@example.com,password232,password232,student
Student 233,student233@example.com,password233,password233,student
Student 234,student234@example.com,password234,password234,student
Student 235,student235@example.com,password235,password235,student
Student 236,student236@example.com,password236,password236,student
Student 237,student237@example.com,password237,password237,student
Student 238,student238@example.com,password238,password238,student
Student 239,student239@example.com,password239,password239,student
Student 240,student240@example.com,password240,password240,student
Student 241,student241@example.com,password241,password241,student
Student 242,student242@example.com,password242,password242,student
Student 243,student243@example.com,password243,password243,student
Student 244,student244@example.com,password244,password244,student
Student 245,student245@example.com,password245,password245,student
Student 246,student246@example.com,password246,password246,student
Student 247,student247@example.com,password247,password247,student
Student 248,student248@example.com,password248,password248,student
Student 249,student249@example.com,password249,password249,student
Student 250,student250@example.com,password250,password250,student
Student 251,student251@example.com,password251,password251,student
Student 252,student252@example.com,password252,password252,student
Student 253,student253@example.com,password253,password253,student
Student 254,student254@example.com,password254,password254,student
Student 255,student255@example.com,password255,password255,student
Student 256,student256@example.com,password256,password256,student
Student 257,student257@example.com,password257,password257,student
Student 258,student258@example.com,password258,password258,student
Student 259,student259@example.com,password259,password259,student
Student 260,student260@example.com,password260,password260,student
Student 261,student261@example.com,password261,password261,student
Student 262,student262@example.com,password262,password262,student
Student 263,student263@example.com,password263,password263,student
Student 264,student264@example.com,password264,password264,student
Student 265,student265@example.com,password265,password265,student
Student 266,student266@example.com,password266,password266,student
Student 267,student267@example.com,password267,password267,student
Student 268,student268@example.com,password268,password268,student
Student 269,student269@example.com,password269,password269,student
Student 270,student270@example.com,password270,password270,student
Student 271,student271@example.com,password271,password271,student
Student 272,student272@example.com,password272,password272,student
Student 273,student273@example.com,password273,password273,student
Student 274,student274@example.com,password274,password274,student
Student 275,student275@example.com,password275,password275,student
Student 276,student276@example.com,password276,password276,student
Student 277,student277@example.com,password277,password277,student
Student 278,student278@example.com,password278,password278,student
Student 279,student279@example.com,password279,password279,student
Student 280,student280@example.com,password280,password280,student
Student 281,student281@example.com,password281,password281,student
Student 282,student282@example.com,password282,password282,student
Student 283,student283@example.com,password283,password283,student
Student 284,student284@example.com,password284,password284,student
Student 285,student285@example.com,password285,password285,student
Student 286,student286@example.com,password286,password286,student
Student 287,student287@example.com,password287,password287,student
Student 288,student288@example.com,password288,password288,student
Student 289,student289@example.com,password289,password289,student
Student 290,student290@example.com,password290,password290,student
Student 291,student291@example.com,password291,password291,student
Student 292,student292@example.com,password292,password292,student
Student 293,student293@example.com,password293,password293,student
Student 294,student294@example.com,password294,password294,student
Student 295,student295@example.com,password295,password295,student
Student 296,student296@example.com,password296,password296,student
Student 297,student297@example.com,password297,password297,student
Student 298,student298@example.com,password298,password298,student
Student 299,student299@example.com,password299,password299,student
Student 300,student300@example.com,password300,password300,student
Student 301,student301@example.com,password301,password301,student
Student 302,student302@example.com,password302,password302,student
Student 303,student303@example.com,password303,password303,student
Student 304,student304@example.com,password304,password304,student
Student 305,student305@example.com,password305,password305,student
Student 306,student306@example.com,password306,password306,student
Student 307,student307@example.com,password307,password307,student
Student 308,student308@example.com,password308,password308,student
Student 309,student309@example.com,password309,password309,student
Student 310,student310@example.com,password310,password310,student
Student 311,student311@example.com,password311,password311,student
Student 312,student312@example.com,password312,password312,student
Student 313,student313@example.com,password313,password313,student
Student 314,student314@example.com,password314,password314,student
Student 315,student315@example.com,password315,password315,student
Student 316,student316@example.com,password316,password316,student
Student 317,student317@example.com,password317,password317,student
Student 318,student318@example.com,password318,password318,student
Student 319,student319@example.com,password319,password319,student
Student 320,student320@example.com,password320,password320,student
Student 321,student321@example.com,password321,password321,student
Student 322,student322@example.com,password322,password322,student
Student 323,student323@example.com,password323,password323,student
Student 324,student324@example.com,password324,password324,student
Student 325,student325@example.com,password325,password325,student
Student 326,student326@example.com,password326,password326,student
Student 327,student327@example.com,password327,password327,student
Student 328,student328@example.com,password328,password328,student
Student 329,student329@example.com,password329,password329,student
Student 330,student330@example.com,password330,password330,student
Student 331,student331@example.com,password331,password331,student
Student 332,student332@example.com,password332,password332,student
Student 333,student333@example.com,password333,password333,student
Student 334,student334@example.com,password334,password334,student
Student 335,student335@example.com,password335,password335,student
Student 336,student336@example.com,password336,password336,student
Student 337,student337@example.com,password337,password337,student
Student 338,student338@example.com,password338,password338,student
Student 339,student339@example.com,password339,password339,student
Student 340,student340@example.com,password340,password340,student
Student 341,student341@example.com,password341,password341,student
Student 342,student342@example.com,password342,password342,student
Student 343,student343@example.com,password343,password343,student
Student 344,student344@example.com,password344,password344,student
Student 345,student345@example.com,password345,password345,student
Student 346,student346@example.com,password346,password346,student
Student 347,student347@example.com,password347,password347,student
Student 348,student348@example.com,password348,password348,student
Student 349,student349@example.com,password349,password349,student
Student 350,student350@example.com,password350,password350,student
Student 351,student351@example.com,password351,password351,student
Student 352,student352@example.com,password352,password352,student
Student 353,student353@example.com,password353,password353,student
Student 354,student354@example.com,password354,password354,student
Student 355,student355@example.com,password355,password355,student
Student 356,student356@example.com,password356,password356,student
Student 357,student357@example.com,password357,password357,student
Student 358,student358@example.com,password358,password358,student
Student 359,student359@example.com,password359,password359,student
Student 360,student360@example.com,password360,password360,student
Student 361,student361@example.com,password361,password361,student
Student 362,student362@example.com,password362,password362,student
Student 363,student363@example.com,password363,password363,student
Student 364,student364@example.com,password364,password364,student
Student 365,student365@example.com,password365,password365,student
Student 366,student366@example.com,password366,password366,student
Student 367,student367@example.com,password367,password367,student
Student 368,student368@example.com,password368,password368,student
Student 369,student369@example.com,password369,password369,student
Student 370,student370@example.com,password370,password370,student
Student 371,student371@example.com,password371,password371,student
Student 372,student372@example.com,password372,password372,student
Student 373,student373@example.com,password373,password373,student
Student 374,student374@example.com,password374,password374,student
Student 375,student375@example.com,password375,password375,student
Student 376,student376@example.com,password376,password376,student
Student 377,student377@example.com,password377,password377,student
Student 378,student378@example.com,password378,password378,student
Student 379,student379@example.com,password379,password379,student
Student 380,student380@example.com,password380,password380,student
Student 381,student381@example.com,password381,password381,student
Student 382,student382@example.com,password382,password382,student
Student 383,student383@example.com,password383,password383,student
Student 384,student384@example.com,password384,password384,student
Student 385,student385@example.com,password385,password385,student
Student 386,student386@example.com,password386,password386,student
Student 387,student387@example.com,password387,password387,student
Student 388,student388@example.com,password388,password388,student
Student 389,student389@example.com,password389,password389,student
Student 390,student390@example.com,password390,password390,student
Student 391,student391@example.com,password391,password391,student
Student 392,student392@example.com,password392,password392,student
Student 393,student393@example.com,password393,password393,student
Student 394,student394@example.com,password394,password394,student
Student 395,student395@example.com,password395,password395,student
Student 396,student396@example.com,password396,password396,student
Student 397,student397@example.com,password397,password397,student
Student 398,student398@example.com,password398,password398,student
Student 399,student399@example.com,password399,password399,student
Student 400,student400@example.com,password400,password400,student
Student 401,student401@example.com,password401,password401,student
Student 402,student402@example.com,password402,password402,student
Student 403,student403@example.com,password403,password403,student
Student 404,student404@example.com,password404,password404,student
Student 405,student405@example.com,password405,password405,student
Student 406,student406@example.com,password406,password406,student
Student 407,student407@example.com,password407,password407,student
Student 408,student408@example.com,password408,password408,student
Student 409,student409@example.com,password409,password409,student
Student 410,student410@example.com,password410,password410,student
Student 411,student411@example.com,password411,password411,student
Student 412,student412@example.com,password412,password412,student
Student 413,student413@example.com,password413,password413,student
Student 414,student414@example.com,password414,password414,student
Student 415,student415@example.com,password415,password415,student
Student 416,student416@example.com,password416,password416,student
Student 417,student417@example.com,password417,password417,student
Student 418,student418@example.com,password418,password418,student
Student 419,student419@example.com,password419,password419,student
Student 420,student420@example.com,password420,password420,student
Student 421,student421@example.com,password421,password421,student
Student 422,student422@example.com,password422,password422,student
Student 423,student423@example.com,password423,password423,student
Student 424,student424@example.com,password424,password424,student
Student 425,student425@example.com,password425,password425,student
Student 426,student426@example.com,password426,password426,student
Student 427,student427@example.com,password427,password427,student
Student 428,student428@example.com,password428,password428,student
Student 429,student429@example.com,password429,password429,student
Student 430,student430@example.com,password430,password430,student
Student 431,student431@example.com,password431,password431,student
Student 432,student432@example.com,password432,password432,student
Student 433,student433@example.com,password433,password433,student
Student 434,student434@example.com,password434,password434,student
Student 435,student435@example.com,password435,password435,student
Student 436,student436@example.com,password436,password436,student
Student 437,student437@example.com,password437,password437,student
Student 438,student438@example.com,password438,password438,student
Student 439,student439@example.com,password439,password439,student
Student 440,student440@example.com,password440,password440,student
Student 441,student441@example.com,password441,password441,student
Student 442,student442@example.com,password442,password442,student
Student 443,student443@example.com,password443,password443,student
Student 444,student444@example.com,password444,password444,student
Student 445,student445@example.com,password445,password445,student
Student 446,student446@example.com,password446,password446,student
Student 447,student447@example.com,password447,password447,student
Student 448,student448@example.com,password448,password448,student
Student 449,student449@example.com,password449,password449,student
Student 450,student450@example.com,password450,password450,student
Student 451,student451@example.com,password451,password451,student
Student 452,student452@example.com,password452,password452,student
Student 453,student453@example.com,password453,password453,student
Student 454,student454@example.com,password454,password454,student
Student 455,student455@example.com,password455,password455,student
Student 456,student456@example.com,password456,password456,student
Student 457,student457@example.com,password457,password457,student
Student 458,student458@example.com,password458,password458,student
Student 459,student459@example.com,password459,password459,student
Student 460,student460@example.com,password460,password460,student
Student 461,student461@example.com,password461,password461,student
Student 462,student462@example.com,password462,password462,student
Student 463,student463@example.com,password463,password463,student
Student 464,student464@example.com,password464,password464,student
Student 465,student465@example.com,password465,password465,student
Student 466,student466@example.com,password466,password466,student
Student 467,student467@example.com,password467,password467,student
Student 468,student468@example.com,password468,password468,student
Student 469,student469@example.com,password469,password469,student
Student 470,student470@example.com,password470,password470,student
Student 471,student471@example.com,password471,password471,student
Student 472,student472@example.com,password472,password472,student
Student 473,student473@example.com,password473,password473,student
Student 474,student474@example.com,password474,password474,student
Student 475,student475@example.com,password475,password475,student
Student 476,student476@example.com,password476,password476,student
Student 477,student477@example.com,password477,password477,student
Student 478,student478@example.com,password478,password478,student
Student 479,student479@example.com,password479,password479,student
Student 480,student480@example.com,password480,password480,student
Student 481,student481@example.com,password481,password481,student
Student 482,student482@example.com,password482,password482,student
Student 483,student483@example.com,password483,password483,student
Student 484,student484@example.com,password484,password484,student
Student 485,student485@example.com,password485,password485,student
Student 486,student486@example.com,password486,password486,student
Student 487,student487@example.com,password487,password487,student
Student 488,student488@example.com,password488,password488,student
Student 489,student489@example.com,password489,password489,student
Student 490,student490@example.com,password490,password490,student
Student 491,student491@example.com,password491,password491,student
Student 492,student492@example.com,password492,password492,student
Student 493,student493@example.com,password493,password493,student
Student 494,student494@example.com,password494,password494,student
Student 495,student495@example.com,password495,password495,student
Student 496,student496@example.com,password496,password496,student
Student 497,student497@example.com,password497,password497,student
Student 498,student498@example.com,password498,password498,student
Student 499,student499@example.com,password499,password499,student
Student 500,student500@example.com,password500,password500,student
